,Sampling p(meas = 1),# wrong decisions p0.01,# wrong decisions p0.05,# wrong decisions p0.08,# wrong decisions p0.11,# wrong decisions p0.15,# wrong decisions p0.2,# wrong decisions p0.3,# wrong decisions p0.4,# wrong decisions p0.5,# wrong decisions p0.6,# wrong decisions p0.7,# wrong decisions p0.8,# wrong decisions p0.9,# wrong decisions p1.0
circuit345.qasm,0.6888404130879198,0.4,0.37,0.32,0.33,0.4,0.36,0.5,0.49,0.54,0.42,0.58,0.71,0.67,0.67
circuit526.qasm,0.07322330470336391,0.36,0.42,0.35,0.36,0.41,0.51,0.38,0.43,0.49,0.44,0.61,0.51,0.56,0.55
circuit340.qasm,0.31250000000000044,0.3,0.25,0.29,0.3,0.37,0.4,0.38,0.55,0.46,0.52,0.71,0.65,0.79,0.76
circuit326.qasm,0.34958555994371154,0.37,0.34,0.36,0.35,0.42,0.41,0.46,0.57,0.44,0.55,0.61,0.68,0.55,0.68
circuit703.qasm,0.827665042944955,0.16,0.15,0.14,0.14,0.19,0.3,0.36,0.39,0.43,0.57,0.7,0.84,0.84,0.93
circuit425.qasm,0.25000000000000044,0.21,0.28,0.29,0.28,0.36,0.35,0.34,0.49,0.45,0.59,0.63,0.59,0.71,0.78
circuit126.qasm,0.6993813693763383,0.26,0.35,0.35,0.41,0.41,0.37,0.46,0.46,0.61,0.54,0.59,0.55,0.52,0.69
circuit772.qasm,0.1464466094067267,0.16,0.19,0.23,0.21,0.2,0.24,0.38,0.45,0.48,0.62,0.71,0.77,0.81,0.8
circuit454.qasm,0.9305679560328751,0.29,0.35,0.35,0.36,0.41,0.45,0.46,0.45,0.38,0.49,0.58,0.56,0.58,0.63
circuit393.qasm,0.7461413801125765,0.26,0.38,0.29,0.45,0.46,0.4,0.37,0.38,0.5,0.6,0.62,0.54,0.65,0.62
circuit529.qasm,0.6584708691207957,0.21,0.26,0.25,0.29,0.27,0.36,0.39,0.47,0.51,0.51,0.6,0.72,0.73,0.84
circuit733.qasm,0.12500000000000056,0.23,0.27,0.26,0.31,0.32,0.37,0.38,0.41,0.43,0.54,0.62,0.63,0.66,0.66
circuit134.qasm,0.28488952738362483,0.29,0.34,0.32,0.44,0.39,0.35,0.36,0.45,0.51,0.57,0.56,0.61,0.64,0.61
circuit181.qasm,0.8535533905932733,0.4,0.47,0.43,0.48,0.41,0.39,0.4,0.42,0.34,0.59,0.48,0.56,0.58,0.55
circuit483.qasm,0.27458161413599064,0.29,0.29,0.29,0.31,0.4,0.43,0.39,0.31,0.53,0.63,0.59,0.6,0.57,0.76
circuit985.qasm,0.7651650429449547,0.3,0.48,0.36,0.47,0.41,0.48,0.48,0.54,0.49,0.49,0.65,0.6,0.6,0.55
circuit944.qasm,0.3400211661552938,0.2,0.22,0.22,0.2,0.3,0.27,0.4,0.36,0.65,0.62,0.67,0.76,0.79,0.82
circuit998.qasm,0.3719265759202986,0.36,0.43,0.31,0.38,0.4,0.4,0.41,0.44,0.49,0.43,0.53,0.54,0.62,0.72
circuit287.qasm,0.7156765759202981,0.4,0.32,0.41,0.39,0.43,0.42,0.51,0.39,0.56,0.49,0.67,0.64,0.57,0.67
circuit148.qasm,0.20312500000000072,0.32,0.46,0.38,0.35,0.36,0.37,0.41,0.62,0.54,0.41,0.54,0.61,0.58,0.71
circuit119.qasm,0.2919733047033635,0.34,0.4,0.35,0.38,0.34,0.48,0.37,0.48,0.53,0.49,0.6,0.61,0.63,0.71
circuit510.qasm,0.31138956543960217,0.23,0.36,0.26,0.38,0.36,0.32,0.41,0.48,0.42,0.51,0.7,0.65,0.75,0.71
circuit224.qasm,0.294424152351682,0.39,0.45,0.32,0.34,0.4,0.36,0.5,0.44,0.56,0.44,0.58,0.53,0.65,0.7
circuit608.qasm,0.3803616523516819,0.38,0.34,0.46,0.5,0.49,0.48,0.44,0.46,0.5,0.54,0.56,0.59,0.63,0.6
circuit009.qasm,0.1982233047033637,0.4,0.41,0.33,0.42,0.41,0.44,0.42,0.5,0.48,0.45,0.56,0.52,0.63,0.72
circuit971.qasm,0.25000000000000067,0.48,0.37,0.32,0.44,0.46,0.47,0.4,0.39,0.53,0.57,0.56,0.66,0.54,0.6
circuit890.qasm,0.7842560649285166,0.43,0.36,0.44,0.35,0.42,0.43,0.39,0.5,0.43,0.51,0.63,0.66,0.61,0.66
circuit306.qasm,0.6375515759202983,0.39,0.38,0.38,0.38,0.44,0.43,0.43,0.57,0.58,0.53,0.55,0.53,0.62,0.7
circuit726.qasm,0.3346307664876721,0.33,0.2,0.39,0.35,0.42,0.4,0.48,0.46,0.52,0.5,0.61,0.55,0.66,0.72
circuit697.qasm,0.3232233047033636,0.1,0.14,0.19,0.16,0.28,0.24,0.34,0.42,0.44,0.49,0.69,0.66,0.77,0.83
circuit741.qasm,0.15291869631880656,0.33,0.32,0.27,0.37,0.41,0.38,0.44,0.46,0.54,0.51,0.57,0.56,0.62,0.69
circuit155.qasm,0.6182099487954539,0.18,0.18,0.23,0.31,0.22,0.33,0.35,0.41,0.54,0.53,0.74,0.66,0.76,0.86
circuit601.qasm,0.7133883476483176,0.24,0.34,0.29,0.33,0.41,0.27,0.39,0.43,0.55,0.69,0.56,0.66,0.75,0.77
circuit004.qasm,0.6767766952966366,0.46,0.48,0.26,0.42,0.43,0.42,0.46,0.48,0.64,0.54,0.51,0.49,0.63,0.58
circuit640.qasm,0.6271216981404102,0.1,0.16,0.16,0.29,0.25,0.29,0.35,0.47,0.6,0.6,0.68,0.71,0.78,0.93
circuit869.qasm,0.6767766952966365,0.37,0.42,0.46,0.43,0.42,0.41,0.45,0.51,0.51,0.5,0.62,0.6,0.65,0.5
circuit321.qasm,0.6194757282719799,0.36,0.39,0.46,0.36,0.33,0.47,0.48,0.49,0.54,0.53,0.6,0.55,0.55,0.69
circuit339.qasm,0.10983495705504537,0.34,0.39,0.34,0.35,0.38,0.35,0.47,0.44,0.53,0.54,0.57,0.59,0.62,0.65
circuit197.qasm,0.7180222988241589,0.37,0.36,0.41,0.45,0.46,0.38,0.4,0.5,0.52,0.52,0.43,0.51,0.57,0.61
circuit212.qasm,0.7163492924096972,0.34,0.32,0.38,0.35,0.43,0.38,0.47,0.48,0.5,0.51,0.58,0.68,0.64,0.63
circuit824.qasm,0.25000000000000067,0.23,0.35,0.41,0.27,0.34,0.39,0.47,0.43,0.46,0.43,0.48,0.55,0.56,0.69
circuit417.qasm,0.6118258476483184,0.33,0.34,0.44,0.42,0.46,0.52,0.45,0.52,0.46,0.51,0.48,0.68,0.63,0.72
circuit871.qasm,0.6767766952966368,0.36,0.28,0.31,0.29,0.23,0.31,0.51,0.49,0.44,0.46,0.52,0.52,0.77,0.73
circuit718.qasm,0.3415291308792039,0.22,0.15,0.21,0.28,0.28,0.23,0.35,0.41,0.46,0.61,0.72,0.68,0.71,0.86
circuit499.qasm,0.9523398041922779,0.25,0.3,0.4,0.36,0.36,0.29,0.4,0.45,0.59,0.54,0.62,0.68,0.73,0.73
circuit017.qasm,0.17233495705504537,0.36,0.4,0.33,0.39,0.4,0.42,0.4,0.51,0.58,0.56,0.51,0.51,0.61,0.74
circuit318.qasm,0.7209708691207957,0.36,0.43,0.31,0.36,0.45,0.38,0.41,0.48,0.53,0.54,0.63,0.59,0.7,0.66
circuit018.qasm,0.35747936963188054,0.23,0.21,0.32,0.2,0.32,0.37,0.43,0.44,0.45,0.57,0.6,0.66,0.71,0.69
circuit038.qasm,0.3943831319696847,0.27,0.25,0.3,0.33,0.28,0.38,0.41,0.4,0.54,0.56,0.58,0.58,0.71,0.68
circuit789.qasm,0.6778184500097124,0.41,0.33,0.4,0.4,0.42,0.49,0.45,0.52,0.48,0.49,0.54,0.66,0.65,0.6
circuit394.qasm,0.38177146759962677,0.39,0.43,0.36,0.38,0.4,0.45,0.44,0.52,0.51,0.6,0.58,0.56,0.55,0.66
circuit899.qasm,0.3308058261758411,0.42,0.36,0.46,0.35,0.43,0.48,0.46,0.43,0.51,0.45,0.55,0.69,0.64,0.61
circuit201.qasm,0.7271177172801987,0.11,0.14,0.17,0.25,0.24,0.34,0.37,0.5,0.47,0.58,0.62,0.68,0.74,0.89
circuit435.qasm,0.6876626193763378,0.34,0.37,0.4,0.42,0.39,0.44,0.42,0.42,0.55,0.53,0.57,0.6,0.69,0.66
circuit591.qasm,0.6045685649285174,0.28,0.27,0.49,0.32,0.37,0.37,0.41,0.42,0.52,0.58,0.5,0.65,0.59,0.7
circuit078.qasm,0.8383883476483178,0.09,0.08,0.18,0.12,0.21,0.24,0.34,0.41,0.46,0.64,0.67,0.79,0.88,0.94
circuit121.qasm,0.3887293696318808,0.42,0.29,0.32,0.42,0.37,0.29,0.39,0.5,0.47,0.57,0.65,0.66,0.64,0.66
circuit580.qasm,0.12081614135990115,0.38,0.33,0.41,0.38,0.42,0.43,0.48,0.38,0.42,0.6,0.52,0.54,0.63,0.64
circuit651.qasm,0.6767766952966366,0.29,0.31,0.36,0.36,0.37,0.33,0.48,0.46,0.51,0.58,0.5,0.66,0.69,0.69
circuit752.qasm,0.25000000000000033,0.26,0.2,0.38,0.41,0.42,0.35,0.39,0.55,0.47,0.58,0.63,0.7,0.7,0.79
circuit308.qasm,0.6767766952966368,0.4,0.32,0.44,0.42,0.47,0.41,0.42,0.53,0.43,0.55,0.58,0.57,0.59,0.62
circuit548.qasm,0.20312500000000078,0.15,0.08,0.15,0.17,0.22,0.3,0.24,0.43,0.53,0.63,0.61,0.75,0.8,0.94
circuit180.qasm,0.6127736628323779,0.27,0.29,0.28,0.24,0.28,0.36,0.34,0.42,0.55,0.54,0.6,0.73,0.75,0.82
circuit564.qasm,0.25070388611955263,0.36,0.41,0.33,0.51,0.33,0.46,0.38,0.47,0.49,0.61,0.48,0.59,0.66,0.62
circuit406.qasm,0.8330266952966363,0.05,0.13,0.12,0.16,0.18,0.29,0.35,0.41,0.5,0.6,0.62,0.76,0.77,0.94
circuit256.qasm,0.9640388251536707,0.28,0.29,0.3,0.29,0.29,0.39,0.43,0.44,0.55,0.56,0.66,0.64,0.67,0.74
circuit072.qasm,0.3750000000000003,0.25,0.34,0.29,0.36,0.41,0.31,0.4,0.48,0.48,0.49,0.61,0.6,0.71,0.69
circuit908.qasm,0.25000000000000017,0.42,0.32,0.48,0.4,0.35,0.47,0.52,0.44,0.51,0.54,0.51,0.58,0.65,0.51
circuit165.qasm,0.6169575214724774,0.28,0.39,0.3,0.31,0.4,0.46,0.48,0.52,0.45,0.48,0.51,0.6,0.6,0.68
circuit630.qasm,0.713388347648318,0.07,0.08,0.1,0.24,0.19,0.23,0.38,0.43,0.51,0.6,0.7,0.79,0.82,0.94
circuit368.qasm,0.6559530854422786,0.35,0.35,0.43,0.31,0.36,0.31,0.42,0.45,0.45,0.54,0.6,0.54,0.57,0.61
circuit626.qasm,0.8090339780164373,0.34,0.27,0.21,0.29,0.35,0.35,0.38,0.53,0.42,0.6,0.59,0.64,0.65,0.77
circuit447.qasm,0.6996589780164375,0.43,0.28,0.38,0.36,0.31,0.39,0.51,0.44,0.55,0.51,0.54,0.61,0.62,0.58
circuit137.qasm,0.24463834764831893,0.28,0.35,0.31,0.31,0.35,0.39,0.38,0.44,0.49,0.55,0.6,0.65,0.74,0.75
circuit642.qasm,0.625,0.09,0.08,0.16,0.11,0.16,0.27,0.34,0.47,0.49,0.64,0.69,0.78,0.88,0.94
circuit978.qasm,0.6142766952966365,0.25,0.34,0.38,0.5,0.36,0.41,0.4,0.49,0.41,0.53,0.65,0.57,0.6,0.77
circuit409.qasm,0.3140367120398509,0.38,0.38,0.36,0.42,0.4,0.46,0.41,0.44,0.51,0.56,0.56,0.62,0.69,0.74
circuit996.qasm,0.32322330470336325,0.19,0.12,0.24,0.2,0.26,0.29,0.34,0.33,0.47,0.51,0.59,0.78,0.84,0.85
circuit358.qasm,0.3024666308792043,0.46,0.42,0.43,0.38,0.42,0.43,0.5,0.44,0.41,0.58,0.57,0.57,0.66,0.65
circuit398.qasm,0.6011699020961392,0.28,0.35,0.28,0.23,0.4,0.31,0.32,0.45,0.47,0.6,0.61,0.62,0.68,0.77
circuit276.qasm,0.3750000000000003,0.3,0.4,0.37,0.32,0.41,0.36,0.43,0.47,0.49,0.64,0.55,0.6,0.63,0.75
circuit125.qasm,0.1418701528627665,0.29,0.27,0.34,0.32,0.33,0.28,0.38,0.48,0.46,0.52,0.51,0.61,0.64,0.67
circuit736.qasm,0.27288228271980136,0.31,0.41,0.28,0.34,0.39,0.41,0.37,0.48,0.53,0.56,0.63,0.6,0.65,0.62
circuit917.qasm,0.7667354345603977,0.29,0.26,0.26,0.35,0.31,0.39,0.35,0.57,0.54,0.55,0.61,0.68,0.68,0.62
circuit486.qasm,0.6767766952966365,0.27,0.26,0.38,0.23,0.34,0.47,0.46,0.45,0.52,0.63,0.6,0.57,0.62,0.63
circuit787.qasm,0.7507851958077207,0.35,0.37,0.36,0.33,0.39,0.44,0.37,0.41,0.53,0.52,0.62,0.56,0.58,0.68
circuit543.qasm,0.6638325214724774,0.29,0.21,0.29,0.39,0.34,0.37,0.41,0.48,0.55,0.55,0.53,0.63,0.76,0.7
circuit624.qasm,0.7522208691207958,0.4,0.42,0.48,0.45,0.5,0.45,0.46,0.52,0.48,0.55,0.55,0.49,0.58,0.63
circuit003.qasm,0.7499999999999994,0.15,0.19,0.27,0.2,0.28,0.23,0.34,0.39,0.39,0.54,0.65,0.75,0.82,0.92
circuit959.qasm,0.37820344734950195,0.14,0.11,0.14,0.22,0.21,0.26,0.35,0.42,0.46,0.56,0.66,0.73,0.71,0.86
circuit832.qasm,0.635263347648318,0.34,0.31,0.38,0.4,0.35,0.41,0.44,0.43,0.46,0.43,0.51,0.67,0.69,0.73
circuit771.qasm,0.6489723898581565,0.4,0.4,0.42,0.4,0.41,0.51,0.48,0.46,0.48,0.52,0.52,0.53,0.48,0.62
circuit527.qasm,0.736270630368119,0.37,0.45,0.39,0.47,0.44,0.4,0.48,0.54,0.47,0.51,0.59,0.57,0.66,0.56
circuit022.qasm,0.32322330470336336,0.33,0.37,0.34,0.47,0.33,0.45,0.43,0.46,0.52,0.48,0.56,0.67,0.58,0.73
circuit095.qasm,0.669194173824159,0.29,0.27,0.28,0.36,0.37,0.44,0.37,0.5,0.49,0.49,0.53,0.65,0.67,0.77
circuit250.qasm,0.25000000000000044,0.38,0.33,0.28,0.31,0.4,0.43,0.41,0.46,0.56,0.61,0.66,0.54,0.55,0.69
circuit735.qasm,0.32188289161544276,0.16,0.12,0.26,0.21,0.22,0.31,0.37,0.41,0.53,0.52,0.61,0.75,0.85,0.9
circuit776.qasm,0.35865716334346287,0.24,0.34,0.3,0.33,0.39,0.34,0.44,0.38,0.43,0.55,0.57,0.68,0.55,0.71
circuit982.qasm,0.37120873926376163,0.32,0.46,0.36,0.48,0.32,0.41,0.45,0.56,0.52,0.46,0.52,0.51,0.62,0.62
circuit864.qasm,0.3553537607362391,0.21,0.28,0.29,0.25,0.33,0.24,0.44,0.37,0.5,0.54,0.62,0.7,0.62,0.71
