,Sampling p(meas = 1),# wrong decisions p0.05,# wrong decisions p0.1,# wrong decisions p0.2,# wrong decisions p0.3,# wrong decisions p0.4,# wrong decisions p0.5,# wrong decisions p0.6,# wrong decisions p0.7,# wrong decisions p0.8,# wrong decisions p0.9,# wrong decisions p1.0
circuit000.qasm,0.34492779371158216,36.0,45.0,34.0,33.0,38.0,26.0,45.0,35.0,38.0,47.0,31.0
circuit001.qasm,0.6131662607362388,38.0,43.0,32.0,43.0,45.0,47.0,43.0,43.0,52.0,46.0,44.0
circuit003.qasm,0.7499999999999994,25.0,28.0,28.0,30.0,29.0,32.0,26.0,27.0,32.0,32.0,24.0
circuit004.qasm,0.6767766952966366,33.0,42.0,35.0,38.0,40.0,33.0,46.0,42.0,39.0,49.0,38.0
circuit006.qasm,0.9176237822087159,7.0,11.0,8.0,8.0,16.0,23.0,19.0,13.0,17.0,19.0,21.0
circuit009.qasm,0.1982233047033637,23.0,24.0,28.0,22.0,25.0,30.0,20.0,22.0,26.0,27.0,33.0
circuit011.qasm,0.6249999999999999,40.0,27.0,31.0,42.0,40.0,41.0,42.0,36.0,47.0,46.0,38.0
circuit017.qasm,0.17233495705504537,16.0,20.0,12.0,20.0,15.0,26.0,18.0,34.0,23.0,28.0,31.0
circuit018.qasm,0.35747936963188054,39.0,39.0,35.0,46.0,34.0,36.0,40.0,39.0,42.0,52.0,32.0
circuit022.qasm,0.32322330470336336,25.0,26.0,23.0,44.0,27.0,29.0,32.0,36.0,35.0,41.0,39.0
circuit026.qasm,0.190640783230886,13.0,25.0,23.0,23.0,25.0,20.0,34.0,16.0,23.0,20.0,32.0
circuit030.qasm,0.25000000000000044,25.0,29.0,18.0,30.0,30.0,30.0,39.0,37.0,42.0,36.0,41.0
circuit037.qasm,0.28661165235168196,29.0,31.0,34.0,22.0,23.0,31.0,28.0,33.0,42.0,36.0,36.0
circuit038.qasm,0.3943831319696847,43.0,39.0,40.0,43.0,44.0,52.0,40.0,45.0,48.0,41.0,42.0
circuit039.qasm,0.3071383476483189,24.0,28.0,31.0,34.0,39.0,44.0,39.0,44.0,44.0,43.0,44.0
circuit044.qasm,0.3996152937115823,43.0,38.0,34.0,41.0,46.0,41.0,39.0,45.0,43.0,36.0,48.0
circuit045.qasm,0.15280370705504515,16.0,21.0,23.0,19.0,21.0,23.0,22.0,28.0,23.0,31.0,20.0
circuit049.qasm,0.3383883476483188,44.0,24.0,28.0,31.0,41.0,32.0,37.0,39.0,32.0,35.0,39.0
circuit050.qasm,0.3857233047033629,35.0,43.0,36.0,45.0,46.0,47.0,48.0,41.0,42.0,50.0,51.0
circuit055.qasm,0.36741747852752255,37.0,40.0,33.0,44.0,26.0,37.0,41.0,37.0,32.0,33.0,45.0
circuit056.qasm,0.6379441738241589,29.0,33.0,30.0,33.0,43.0,52.0,40.0,44.0,33.0,36.0,24.0
circuit059.qasm,0.7499999999999996,28.0,28.0,32.0,34.0,28.0,24.0,33.0,30.0,26.0,28.0,23.0
circuit060.qasm,0.3416917502555425,28.0,34.0,39.0,34.0,35.0,36.0,40.0,39.0,40.0,38.0,48.0
circuit064.qasm,0.38281250000000017,33.0,38.0,35.0,36.0,40.0,45.0,32.0,46.0,41.0,50.0,47.0
circuit067.qasm,0.6010072827198008,33.0,36.0,45.0,41.0,30.0,40.0,46.0,48.0,42.0,39.0,44.0
circuit070.qasm,0.6075050033032217,40.0,43.0,41.0,48.0,38.0,53.0,53.0,42.0,45.0,56.0,50.0
circuit071.qasm,0.33126578323088574,31.0,38.0,36.0,35.0,43.0,44.0,37.0,39.0,30.0,30.0,46.0
circuit072.qasm,0.3750000000000003,27.0,34.0,41.0,34.0,46.0,46.0,42.0,45.0,41.0,52.0,32.0
circuit073.qasm,0.3232233047033634,34.0,37.0,42.0,38.0,34.0,26.0,33.0,41.0,39.0,46.0,42.0
circuit075.qasm,0.12500000000000078,17.0,14.0,15.0,19.0,20.0,22.0,15.0,24.0,29.0,25.0,28.0
circuit077.qasm,0.32322330470336325,39.0,25.0,31.0,38.0,32.0,37.0,34.0,35.0,38.0,43.0,46.0
circuit078.qasm,0.8383883476483178,19.0,19.0,18.0,19.0,8.0,16.0,16.0,27.0,22.0,27.0,31.0
circuit080.qasm,0.7354854345603978,29.0,28.0,27.0,31.0,35.0,38.0,37.0,26.0,29.0,32.0,29.0
circuit082.qasm,0.6006146848159402,41.0,44.0,38.0,38.0,44.0,39.0,34.0,48.0,38.0,43.0,43.0
circuit083.qasm,0.12500000000000078,17.0,17.0,10.0,15.0,13.0,17.0,12.0,16.0,21.0,24.0,21.0
circuit088.qasm,0.620053739104047,36.0,41.0,54.0,42.0,41.0,44.0,36.0,44.0,46.0,38.0,48.0
circuit089.qasm,0.6249999999999998,35.0,40.0,46.0,45.0,31.0,41.0,40.0,44.0,42.0,43.0,44.0
circuit093.qasm,0.33214623926376163,30.0,33.0,37.0,40.0,31.0,39.0,38.0,39.0,40.0,41.0,48.0
circuit094.qasm,0.38415291308792077,40.0,41.0,35.0,44.0,37.0,43.0,27.0,52.0,42.0,46.0,46.0
circuit095.qasm,0.669194173824159,38.0,28.0,39.0,38.0,38.0,36.0,33.0,29.0,37.0,41.0,37.0
circuit097.qasm,0.375,37.0,38.0,36.0,43.0,41.0,41.0,44.0,34.0,41.0,45.0,40.0
circuit098.qasm,0.6369963586400991,28.0,27.0,40.0,40.0,41.0,35.0,39.0,44.0,37.0,45.0,35.0
circuit099.qasm,0.2866116523516816,30.0,41.0,28.0,31.0,29.0,29.0,28.0,35.0,34.0,28.0,25.0
circuit101.qasm,0.8276650429449548,17.0,18.0,16.0,21.0,17.0,21.0,25.0,25.0,29.0,23.0,17.0
circuit103.qasm,0.2683058261758413,30.0,30.0,33.0,21.0,29.0,37.0,37.0,27.0,36.0,43.0,40.0
circuit105.qasm,0.6186092227760895,45.0,40.0,42.0,39.0,33.0,43.0,42.0,47.0,46.0,44.0,53.0
circuit111.qasm,0.3102791308792041,31.0,30.0,36.0,31.0,24.0,34.0,33.0,30.0,35.0,36.0,43.0
circuit114.qasm,0.7499999999999997,26.0,22.0,26.0,28.0,31.0,24.0,30.0,45.0,39.0,35.0,34.0
circuit119.qasm,0.2919733047033635,34.0,25.0,22.0,31.0,33.0,30.0,35.0,35.0,38.0,36.0,36.0
circuit121.qasm,0.3887293696318808,49.0,48.0,40.0,39.0,44.0,33.0,38.0,36.0,50.0,42.0,53.0
circuit122.qasm,0.6421280324642584,31.0,44.0,36.0,39.0,44.0,42.0,40.0,42.0,45.0,44.0,40.0
circuit123.qasm,0.6319291547163131,37.0,36.0,34.0,39.0,39.0,39.0,37.0,37.0,48.0,51.0,36.0
circuit125.qasm,0.1418701528627665,21.0,19.0,21.0,12.0,17.0,14.0,21.0,18.0,25.0,23.0,28.0
circuit127.qasm,0.3630001537256544,44.0,34.0,47.0,41.0,36.0,35.0,41.0,31.0,40.0,44.0,53.0
circuit132.qasm,0.7042354345603976,30.0,29.0,27.0,43.0,30.0,41.0,32.0,30.0,31.0,36.0,28.0
circuit133.qasm,0.9095673531442079,9.0,11.0,15.0,11.0,7.0,7.0,22.0,13.0,17.0,17.0,19.0
circuit134.qasm,0.28488952738362483,33.0,30.0,34.0,50.0,37.0,47.0,39.0,33.0,49.0,45.0,50.0
circuit135.qasm,0.3705385327198012,35.0,38.0,31.0,38.0,39.0,44.0,43.0,49.0,29.0,39.0,34.0
circuit136.qasm,0.713388347648318,24.0,40.0,25.0,31.0,18.0,35.0,32.0,36.0,32.0,32.0,32.0
circuit137.qasm,0.24463834764831893,28.0,27.0,25.0,28.0,21.0,24.0,28.0,34.0,23.0,36.0,30.0
circuit145.qasm,0.6249999999999997,43.0,40.0,37.0,41.0,46.0,34.0,37.0,41.0,46.0,43.0,40.0
circuit147.qasm,0.908470869120795,10.0,2.0,16.0,14.0,11.0,14.0,14.0,14.0,18.0,20.0,28.0
circuit148.qasm,0.20312500000000072,20.0,23.0,22.0,19.0,28.0,29.0,28.0,33.0,34.0,27.0,26.0
circuit150.qasm,0.6142766952966366,36.0,34.0,30.0,36.0,45.0,40.0,45.0,39.0,36.0,40.0,38.0
circuit151.qasm,0.9267766952966365,7.0,9.0,12.0,14.0,14.0,18.0,14.0,12.0,20.0,24.0,22.0
circuit152.qasm,0.7392766952966366,30.0,28.0,29.0,22.0,26.0,26.0,32.0,32.0,27.0,38.0,34.0
circuit154.qasm,0.6950825214724776,34.0,32.0,30.0,38.0,38.0,36.0,31.0,30.0,44.0,38.0,34.0
circuit155.qasm,0.6182099487954539,37.0,37.0,37.0,41.0,37.0,45.0,49.0,45.0,39.0,33.0,43.0
circuit161.qasm,0.658293365334277,42.0,40.0,32.0,38.0,45.0,41.0,53.0,41.0,47.0,50.0,46.0
circuit164.qasm,0.9374999999999993,7.0,4.0,6.0,8.0,14.0,9.0,8.0,10.0,11.0,21.0,21.0
circuit165.qasm,0.6169575214724774,32.0,45.0,41.0,44.0,38.0,39.0,40.0,47.0,50.0,45.0,43.0
circuit166.qasm,0.2645145654396024,28.0,20.0,24.0,26.0,33.0,28.0,29.0,32.0,29.0,34.0,32.0
circuit172.qasm,0.6691941738241587,28.0,31.0,35.0,34.0,29.0,38.0,41.0,31.0,42.0,37.0,40.0
circuit173.qasm,0.28661165235168196,28.0,26.0,29.0,32.0,38.0,40.0,35.0,31.0,42.0,36.0,40.0
circuit174.qasm,0.9267766952966361,6.0,8.0,13.0,12.0,11.0,15.0,12.0,20.0,19.0,22.0,15.0
circuit178.qasm,0.3167512177912839,35.0,33.0,33.0,30.0,40.0,41.0,31.0,32.0,45.0,28.0,39.0
circuit180.qasm,0.6127736628323779,39.0,33.0,38.0,42.0,47.0,40.0,37.0,58.0,46.0,37.0,49.0
circuit181.qasm,0.8535533905932733,18.0,17.0,14.0,14.0,18.0,26.0,15.0,20.0,30.0,26.0,29.0
circuit182.qasm,0.6066941738241588,38.0,38.0,34.0,48.0,36.0,43.0,49.0,37.0,43.0,34.0,38.0
circuit186.qasm,0.2591529130879206,25.0,32.0,34.0,27.0,24.0,27.0,29.0,34.0,25.0,35.0,38.0
circuit191.qasm,0.6874999999999998,25.0,30.0,42.0,30.0,35.0,40.0,35.0,30.0,35.0,31.0,40.0
circuit197.qasm,0.7180222988241589,28.0,34.0,31.0,27.0,40.0,43.0,34.0,45.0,33.0,37.0,47.0
circuit200.qasm,0.6639236956799499,32.0,35.0,28.0,33.0,35.0,39.0,36.0,42.0,45.0,37.0,46.0
circuit201.qasm,0.7271177172801987,29.0,26.0,30.0,27.0,31.0,28.0,31.0,35.0,34.0,27.0,38.0
circuit202.qasm,0.2995558261758411,35.0,35.0,26.0,34.0,30.0,34.0,29.0,30.0,46.0,30.0,39.0
circuit210.qasm,0.6483225107362383,40.0,34.0,37.0,33.0,38.0,32.0,34.0,36.0,40.0,48.0,38.0
circuit212.qasm,0.7163492924096972,30.0,29.0,22.0,42.0,40.0,28.0,34.0,36.0,26.0,46.0,37.0
circuit214.qasm,0.3986674785275226,36.0,48.0,51.0,45.0,33.0,45.0,36.0,42.0,44.0,37.0,47.0
circuit215.qasm,0.853553390593273,17.0,16.0,15.0,22.0,24.0,24.0,29.0,23.0,23.0,24.0,24.0
circuit216.qasm,0.8535533905932731,11.0,16.0,25.0,23.0,15.0,19.0,17.0,25.0,26.0,32.0,37.0
circuit224.qasm,0.294424152351682,23.0,37.0,31.0,36.0,32.0,24.0,29.0,42.0,30.0,31.0,39.0
circuit231.qasm,0.39330582617584103,40.0,40.0,43.0,35.0,33.0,36.0,37.0,44.0,37.0,45.0,59.0
circuit232.qasm,0.3777621358640101,50.0,41.0,50.0,40.0,42.0,35.0,42.0,41.0,45.0,39.0,43.0
circuit234.qasm,0.6727891356084676,41.0,29.0,33.0,37.0,38.0,43.0,41.0,48.0,42.0,46.0,45.0
circuit237.qasm,0.7567496955521787,16.0,24.0,24.0,32.0,22.0,33.0,25.0,33.0,35.0,39.0,37.0
circuit240.qasm,0.3719602554958907,39.0,42.0,42.0,39.0,37.0,45.0,49.0,47.0,41.0,52.0,44.0
circuit241.qasm,0.1288684844067267,15.0,14.0,14.0,17.0,17.0,22.0,18.0,24.0,24.0,27.0,18.0
circuit242.qasm,0.7196978151840594,33.0,28.0,30.0,28.0,34.0,36.0,38.0,43.0,25.0,37.0,34.0
circuit243.qasm,0.6249999999999997,34.0,42.0,46.0,40.0,43.0,35.0,40.0,41.0,39.0,41.0,35.0
circuit244.qasm,0.24777913087920445,24.0,29.0,27.0,31.0,37.0,37.0,33.0,37.0,27.0,32.0,32.0
